{
    "Total_Stocks": 46,
    "Green_Stocks": 42,
    "Red_Stocks": 4,
    "Green_Percentage": 91.30434782608695,
    "Red_Percentage": 8.695652173913043,
    "Avg_Return": 33.95150861346218,
    "Avg_Price": 2432.513756123699,
    "Avg_Volume": 7197210.967161666,
    "Market_Return": 1561.7693962192604
}